first_transaction_year,investor_count,avg_sip_amount,total_invested,top_fund_preference
2024,4803,107422.54183205638,3491125187,102885
2025,197,109158.5770609319,30455243,119599
