scheme_name,tracking_error_nifty50,tracking_error_nifty100
Kotak Flexicap Fund - Regular - Growth,1.4756856321183107,2.355043934053619
ICICI Pru Midcap Fund - Regular - Growth,1.0240459612740256,1.9080333033443673
Mirae Asset Large Cap Fund - Regular - Growth,1.54584411661222,2.4687805703500527
Axis Midcap Fund - Regular - Growth,1.381516927674185,2.348576578113532
DSP Small Cap Fund - Regular - Growth,2.118165870297428,2.082221031150215
